{
 "candidates": [
  {
   "name": "orb_longonly +skipMon",
   "trade_metrics": {
    "n_trades": 473,
    "net_pnl": 13730.959999999994,
    "gross_pnl": 14667.5,
    "total_costs": 936.5400000000005,
    "win_rate": 0.5581395348837209,
    "avg_win": 190.9556060606062,
    "avg_loss": -175.50870813397123,
    "expectancy": 29.029513742071867,
    "profit_factor": 1.3743311309407638,
    "max_consecutive_losses": 7,
    "max_drawdown": -2499.6800000000003,
    "n_active_days": 473,
    "best_day": 1070.02,
    "worst_day": -471.48,
    "sharpe_daily": 2.1585509627589365,
    "sortino_daily": 5.090133903839417,
    "trades_per_day": 1.0,
    "avg_hold_minutes": 207.61099365750528,
    "time_in_market_pct": 15.044274902717774,
    "pct_ambiguous_trades": 0.42283298097251587,
    "exit_reasons": {
     "session_end": 2,
     "eod": 183,
     "stop": 159,
     "target": 129
    }
   },
   "consistency": {
    "full": {
     "active_days": 473,
     "net_pnl": 13730.960000000121,
     "sharpe_daily": 2.1585509627589365,
     "sortino_daily": 5.090133903839417,
     "max_drawdown": -2499.6800000000003,
     "ulcer_index": 685.1399678191088,
     "upi": 10.677289030864914,
     "equity_r2": 0.9643609741241307,
     "max_consec_losing_days": 7,
     "win_day_rate": 0.5581395348837209,
     "worst_day": -471.48,
     "best_day": 1070.02,
     "p95_daily_loss": -271.68,
     "worst_20d_window": -1978.1000000000004
    },
    "last_90d": {
     "active_days": 90,
     "net_pnl": 4605.799999999999,
     "sharpe_daily": 2.9856530446777083,
     "sortino_daily": 8.32944496709845,
     "max_drawdown": -1375.9900000000002,
     "ulcer_index": 577.150183606197,
     "upi": 22.34468664537306,
     "equity_r2": 0.807998021212255,
     "max_consec_losing_days": 3,
     "win_day_rate": 0.6,
     "worst_day": -428.98,
     "best_day": 1070.02,
     "p95_daily_loss": -317.90500000000003,
     "worst_20d_window": -1175.8500000000004
    },
    "last_252d": {
     "active_days": 252,
     "net_pnl": 8777.540000000032,
     "sharpe_daily": 2.5992391029859525,
     "sortino_daily": 6.20309625900238,
     "max_drawdown": -1375.9899999999943,
     "ulcer_index": 462.59789298616175,
     "upi": 18.97444872335934,
     "equity_r2": 0.9340820536028038,
     "max_consec_losing_days": 4,
     "win_day_rate": 0.5912698412698413,
     "worst_day": -428.98,
     "best_day": 1070.02,
     "p95_daily_loss": -264.255,
     "worst_20d_window": -1175.8499999999913
    },
    "last_756d": {
     "active_days": 473,
     "net_pnl": 13730.960000000121,
     "sharpe_daily": 2.1585509627589365,
     "sortino_daily": 5.090133903839417,
     "max_drawdown": -2499.6800000000003,
     "ulcer_index": 685.1399678191088,
     "upi": 10.677289030864914,
     "equity_r2": 0.9643609741241307,
     "max_consec_losing_days": 7,
     "win_day_rate": 0.5581395348837209,
     "worst_day": -471.48,
     "best_day": 1070.02,
     "p95_daily_loss": -271.68,
     "worst_20d_window": -1978.1000000000004
    }
   },
   "rolling_6m": {
    "n_windows": 17,
    "negative_share": 0.0,
    "worst_window": 1463.019999999999,
    "median_window": 3038.77
   },
   "year_pnls": {
    "2021": 2109.8,
    "2022": 1680.24,
    "2023": 3104.6600000000003,
    "2024": 2635.0600000000004,
    "2025": 4201.2
   },
   "mc": {
    "1": {
     "pass_rate": 0.6432,
     "fail_rate": 0.313,
     "timeout_rate": 0.0438,
     "median_days": 23.0,
     "expected_resets": 0.554726368159204,
     "expected_cost": 133.28358208955223,
     "expected_profit_per_attempt": 751.1765070000113
    }
   },
   "journey": {
    "pass_rate": 0.6442,
    "pass_and_payout": 0.4558
   },
   "params": {
    "range_minutes": 30,
    "target_r": 1.0,
    "expire_minutes": 120,
    "min_width_ratio": 0.25,
    "max_width_ratio": 0.7,
    "long_only": true
   }
  },
  {
   "name": "orb_longonly_macro +skipMon",
   "trade_metrics": {
    "n_trades": 395,
    "net_pnl": 9883.399999999998,
    "gross_pnl": 10665.5,
    "total_costs": 782.1000000000003,
    "win_rate": 0.5822784810126582,
    "avg_win": 167.28956521739136,
    "avg_loss": -173.29212121212123,
    "expectancy": 25.021265822784805,
    "profit_factor": 1.3456556104248567,
    "max_consecutive_losses": 5,
    "max_drawdown": -2029.7600000000002,
    "n_active_days": 395,
    "best_day": 712.52,
    "worst_day": -471.48,
    "sharpe_daily": 2.063344890769754,
    "sortino_daily": 4.520150020832014,
    "trades_per_day": 1.0,
    "avg_hold_minutes": 181.01772151898734,
    "time_in_market_pct": 13.117226197028069,
    "pct_ambiguous_trades": 0.5063291139240507,
    "exit_reasons": {
     "target": 157,
     "eod": 113,
     "stop": 124,
     "session_end": 1
    }
   },
   "consistency": {
    "full": {
     "active_days": 395,
     "net_pnl": 9883.400000000089,
     "sharpe_daily": 2.063344890769754,
     "sortino_daily": 4.520150020832014,
     "max_drawdown": -2029.7600000000002,
     "ulcer_index": 536.5854705261258,
     "upi": 11.750894002327948,
     "equity_r2": 0.9340317392802234,
     "max_consec_losing_days": 5,
     "win_day_rate": 0.5822784810126582,
     "worst_day": -471.48,
     "best_day": 712.52,
     "p95_daily_loss": -254.88,
     "worst_20d_window": -1696.1000000000004
    },
    "last_90d": {
     "active_days": 90,
     "net_pnl": 4260.299999999999,
     "sharpe_daily": 3.1576817885437185,
     "sortino_daily": 7.027888391476619,
     "max_drawdown": -867.9000000000001,
     "ulcer_index": 317.48091636086315,
     "upi": 37.57340799168269,
     "equity_r2": 0.9071020340625734,
     "max_consec_losing_days": 3,
     "win_day_rate": 0.6333333333333333,
     "worst_day": -428.98,
     "best_day": 712.52,
     "p95_daily_loss": -328.90500000000003,
     "worst_20d_window": -530.1000000000004
    },
    "last_252d": {
     "active_days": 252,
     "net_pnl": 6867.040000000015,
     "sharpe_daily": 2.258461524911553,
     "sortino_daily": 4.997308668647281,
     "max_drawdown": -1505.1600000000003,
     "ulcer_index": 491.1444195116749,
     "upi": 13.981712358307195,
     "equity_r2": 0.8514419952065355,
     "max_consec_losing_days": 4,
     "win_day_rate": 0.5992063492063492,
     "worst_day": -428.98,
     "best_day": 712.52,
     "p95_daily_loss": -258.105,
     "worst_20d_window": -1191.6000000000004
    },
    "last_756d": {
     "active_days": 395,
     "net_pnl": 9883.400000000089,
     "sharpe_daily": 2.063344890769754,
     "sortino_daily": 4.520150020832014,
     "max_drawdown": -2029.7600000000002,
     "ulcer_index": 536.5854705261258,
     "upi": 11.750894002327948,
     "equity_r2": 0.9340317392802234,
     "max_consec_losing_days": 5,
     "win_day_rate": 0.5822784810126582,
     "worst_day": -471.48,
     "best_day": 712.52,
     "p95_daily_loss": -254.88,
     "worst_20d_window": -1696.1000000000004
    }
   },
   "rolling_6m": {
    "n_windows": 13,
    "negative_share": 0.0,
    "worst_window": 962.5199999999998,
    "median_window": 2649.5199999999995
   },
   "year_pnls": {
    "2021": 943.1400000000001,
    "2022": 2560.3,
    "2023": 1950.8800000000006,
    "2024": 549.6600000000002,
    "2025": 3879.42
   },
   "mc": {
    "1": {
     "pass_rate": 0.6362,
     "fail_rate": 0.2946,
     "timeout_rate": 0.0692,
     "median_days": 26.0,
     "expected_resets": 0.5718327569946557,
     "expected_cost": 134.30996541967934,
     "expected_profit_per_attempt": 727.1396620000127
    }
   },
   "journey": {
    "pass_rate": 0.6386,
    "pass_and_payout": 0.4642
   },
   "params": {
    "range_minutes": 30,
    "target_r": 1.0,
    "expire_minutes": 120,
    "min_width_ratio": 0.25,
    "max_width_ratio": 0.7,
    "long_only": true,
    "skip_macro_days": true,
    "macro_events": "all"
   }
  },
  {
   "name": "PHASE7 nr7_orb +skipMon",
   "trade_metrics": {
    "n_trades": 181,
    "net_pnl": 6094.869999999997,
    "gross_pnl": 6453.25,
    "total_costs": 358.3799999999999,
    "win_rate": 0.5193370165745856,
    "avg_win": 208.38436170212762,